"word","count"
"HillaryClinton",14998
"BernieSanders",12868
"https",9995
"the",4167
"for",2385
"you",1800
"FeelTheBern",1778
"DropOutHillary",1705
"amp",1682
"and",1622
"ImWithHer",1610
"SenSanders",1566
"‚Ä¶",1557
"Sanders",1555
"realDonaldTrump",1422
"are",1168
"that",1096
"Bernie",1053
"Trump",959
"not",932
"can",931
"has",873
"BernieOrBust",771
"will",771
"NeverHillary",758
"this",688
"what",672
"WorldForBernie",663
"Indiana",654
"tedcruz",654
"UniteBlue",649
"TheDemocrats",631
"win",627
"she",616
"StillSanders",607
"vote",598
"her",592
"DonaldTrump",590
"INPrimary",583
"DropOutBernie",579
"CAPrimary",563
"about",548
"Hillary",547
"HillaryPix",546
"won",545
"out",535
"with",527
"hillaryclinton",511
"WVPrimary",500
"politico",500
"The",495
"all",493
"IndianaPrimary",493
"would",479
"CrookedHillary",475
"supporters",475
"http‚Ä¶",469
"VoterSuppression",460
"berniesanders",428
"ht‚Ä¶",423
"FBI",412
"have",389
"who",389
"why",380
"against",379
"than",378
"more",377
"THE",377
"Hey",377
"wants",372
"Clinton",369
"ShesWithUs",369
"over",368
"like",367
"POTUS",367
"but",365
"primary",359
"CNN",352
"now",350
"they",343
"from",343
"MSNBC",343
"DWStweets",338
"your",328
"need",320
"What",317
"RELEASE",315
"TRANSCRIPTS",314
"https‚Ä¶",310
"realdonaldtrump",306
"still",299
"DNC",298
"money",295
"never",294
"get",294
"don",294
"hiding",287
"stop",271
"must",268
"his",267
"campaign",263
"should",258
"You",258
"winning",257
"c‚Ä¶",255
"says",253
"people",253
"just",250
"was",250
"chance",249
"HillYes",248
"NaphiSoc",245
"janeosanders",244
"Democrats",242
"JohnKasich",241
"support",239
"via",235
"swapapilots",230
"GOP",227
"BobbyTBD",225
"BernieSanderss4",224
"People4Bernie",224
"want",223
"only",223
"New",222
"say",221
"t‚Ä¶",221
"points",220
"gave",218
"FoxNews",217
"ahead",217
"one",217
"their",216
"how",216
"Dem",216
"candidate",214
"womancard",211
"NateSilver538",209
"JordanChariton",208
"poll",206
"been",206
"ppppolls",206
"GunnelsWarren",202
"HillNo",202
"West",202
"Virginia",200
"them",199
"needs",196
"because",195
"Why",195
"know",193
"yet",193
"Super",193
"She",190
"BernieVolunteer",189
"NBCNews",188
"does",187
"convention",184
"BREAKING",182
"changed",180
"h‚Ä¶",178
"Has",177
"see",174
"good",173
"NotWithHer",172
"HRC",172
"him",171
"time",169
"Bernie2016",169
"next",168
"right",167
"hit",167
"piece",167
"Vote",165
"This",165
"today",165
"when",165
"Atlanta",163
"going",162
"8uts‚Ä¶",161
"called",161
"Open",160
"way",160
"had",160
"much",157
"according",156
"rules",156
"HillaryTheHawk",156
"Lobbyist",155
"Skies",154
"agree",154
"let",154
"htt‚Ä¶",153
"voting",152
"think",152
"FeelTheMath",152
"co‚Ä¶",150
"last",150
"voters",150
"wrote",150
"yea",150
"foxnewspolitics",149
"million",149
"beat",149
"Mayor",148
"They",147
"Pac",147
"nationally",147
"doesn",146
"better",145
"leads",145
"being",145
"CWRMQsAflw",144
"UtxG4W3e00",143
"end",142
"votes",140
"And",140
"Conservative",139
"latest",139
"well",139
"Jane",138
"California",137
"even",137
"2016",136
"whatever",135
"said",133
"NOT",133
"back",132
"delegates",130
"GoogleTrends",129
"Twitter",128
"party",127
"real",125
"Should",125
"H8xZ8IFw3t",125
"When",125
"president",124
"interest",124
"Love",123
"new",123
"indianaprimary2016",123
"any",123
"SpeakerRyan",122
"corruption",122
"our",122
"How",122
"hours",120
"dont",120
"take",119
"search",119
"w6zmSJqf‚Ä¶",118
"did",118
"billclinton",116
"VanSulli",116
"CMAGAdFacts",116
"GeorgeTakei",114
"That",113
"Here",113
"gdebenedetti",113
"Dems",113
"lead",112
"trending",112
"NAI",112
"NYTnickc",111
"Lemon",111
"Trump2016",111
"WhichHillary",111
"Meringue",111
"Reince",111
"down",110
"Not",110
"keep",109
"newtgingrich",109
"towards",109
"states",109
"Trevor",108
"GerrishLisa",108
"epdR‚Ä¶",107
"TedCruz",107
"America",106
"camp",105
"Oklahoma",104
"agreements",104
"Final",104
"there",104
"tipping",103
"TravelingUS",103
"election",102
"these",102
"BlackLivesMatter",102
"race",101
"drop",101
"same",100
"make",100
"isn",100
"w‚Ä¶",100
"nomination",99
"try",99
"LaFauci",99
"days",98
"nominate",98
"Its",98
"NeverTrump",98
"DrJillStein",97
"free",97
"voted",97
"Concede",97
"making",96
"unifying",96
"Get",96
"woman",95
"fundraising",94
"politics",94
"help",94
"BlackTwitter",94
"accused",94
"love",93
"nonstop",93
"maddow",93
"American",93
"off",93
"polls",93
"Before",92
"ANGELES",92
"LOS",92
"‚Äî¬†Here",92
"OVER",91
"trump",91
"Whether",91
"too",90
"talking",90
"really",90
"fair",89
"Obama",89
"4XlWYYlEjy",89
"candidates",89
"run",89
"Democratic",89
"Party",89
"care",88
"BarackObama",88
"meant",88
"President",87
"‚Äòlooting‚Äô",87
"NicholsUprising",87
"attack",86
"HunterHRC2016",86
"Where",86
"Reveals",85
"Findings",85
"aDbTu7eond",85
"NotMeUs",85
"Don",84
"big",84
"Shame",83
"please",82
"brianefallon",82
"between",81
"NOW",81
"registered",81
"Election2016",80
"SenWarren",80
"PoliticalAnt",80
"while",80
"left",79
"email",79
"running",78
"those",78
"jaketapper",78
"Stein",78
"some",77
"greater",77
"supporter",77
"trying",77
"using",77
"WallSt2MainSt",77
"tell",76
"lose",76
"ReleaseTheTranscripts",76
"üòè",76
"stand",76
"Tell",75
"jobs",75
"hearts",75
"fighting",75
"ShaunKing",75
"Time",74
"feelthebern",74
"after",74
"Sam",74
"KNCqq8PRIL",74
"cspan",73
"THIS",73
"then",73
"here",73
"constituency",73
"Who",73
"TheYoungTurks",73
"Will",73
"evidence",72
"attacks",72
"YOU",72
"day",72
"qualified",72
"quit",71
"violence",71
"work",71
"Only",70
"lost",70
"Just",70
"superdelegates",70
"ppl",70
"Donald",69
"sanders",69
"USA",69
"Now",69
"But",69
"where",69
"VOTE",68
"both",68
"For",68
"already",68
"nominee",68
"into",66
"Dro‚Ä¶",66
"could",65
"Good",65
"country",65
"best",65
"thing",65
"Obamacare",65
"All",65
"playing",65
"hurting",65
"Michigan",65
"sign",64
"Early",64
"hope",64
"coal",64
"statements",64
"HFA",64
"guy",64
"Can",64
"words",64
"years",64
"WINS",64
"were",64
"Prediction",63
"sure",63
"show",63
"destroy",63
"Donors",63
"GAME",63
"tryna",63
"truthful",63
"ROFLMAO",63
"Her",63
"world",63
"CIVIL",62
"YouTube",62
"NoelinSD",62
"national",62
"Fee‚Ä¶",62
"Let",62
"DISOBEDIENCE",62
"competition",61
"saying",61
"paid",61
"fight",61
"Facts",61
"Top",61
"RWwatchMA",61
"under",61
"IFm‚Ä¶",61
"MUDUTU",60
"ericbradner",60
"many",60
"other",60
"Democrat",60
"gets",60
"NBCNightlyNews",60
"rights",60
"Republicans",60
"something",60
"Let‚Äôs",59
"give",59
"call",59
"4thepeople",59
"bannerite",59
"protect",59
"plan",58
"Deny",58
"Proud2Progress",58
"got",58
"000",58
"4Corporatism",58
"Poll",57
"DELEGATES",57
"enforced",57
"Hillary2016",57
"transcripts",57
"supporting",57
"metafizik",57
"democracy",57
"YES",57
"its",57
"wiunion",57
"maintain",57
"Convention",56
"most",56
"LEFT",56
"health",56
"point",56
"women",56
"xOZG5eF465",56
"SUPER",56
"believe",56
"endorse",56
"change",55
"PrimaryDay‚Ä¶",55
"again",55
"Yes",55
"losing",55
"NomikiKonst",55
"speaks",55
"NEVER",54
"VoterFraud",54
"mrmrsnever",54
"pay",54
"HIM",54
"DOT",54
"shut",53
"bernie",53
"level",53
"done",53
"Americans",53
"Also",53
"knows",53
"HillaryDropOut",53
"bad",53
"overwhelmingly",53
"choice",53
"NRCC",52
"CruzCrew",52
"news",52
"behind",52
"everyone",52
"field",52
"CNNPolitics",52
"TWO",52
"every",52
"another",52
"state",52
"defeat",52
"such",51
"JSavoly",51
"also",51
"explains",51
"SpecialReport",51
"Bad",51
"WENT",51
"TheLeadCNN",50
"Bernie2016tv",50
"tax",50
"man",50
"Are",50
"LOL‚Ä¶",50
"Your",50
"wins",50
"look",49
"finals",49
"HillaryPathologicalLiar",49
"tytlive",49
"trade",49
"Fifty1stState",49
"There",49
"general",49
"coming",49
"ideas",49
"TheHalliCJShow",49
"lesliermyers",48
"November",48
"rain",48
"less",48
"early",48
"ticket",48
"amount",48
"policy",48
"Cruz",48
"raising",47
"asked",47
"MANY",47
"hate",47
"looking",47
"trust",47
"Condemnation",47
"aren‚Äôt",47
"don‚Äôt",47
"Feel‚Ä¶",47
"doing",47
"investigation",47
"week‚Ä¶",47
"received",47
"Yep",47
"TERRORISTS‚ÄºÔ∏è",47
"enforce",47
"release",47
"nothing",47
"ycUR8yPM2P",46
"GRForSanders",46
"public",46
"lies",46
"issues",46
"board",46
"talks",46
"Pro",46
"OUT",46
"Elections2016",46
"MMonk33",46
"wage",45
"poor",45
"BernieOrBUST",45
"CNNMoney",45
"Have",45
"before",45
"Bill",45
"put",45
"worst",45
"either",45
"primaries",44
"willing",44
"true",44
"Delegates",44
"2008",44
"fact",44
"TY0ElIL5Q8",44
"delegate",44
"underestimate",44
"AngrySenSanders",44
"ask",44
"rather",44
"corrupt",44
"Getty",44
"NewAlbany",43
"interview",43
"clear",43
"HillarySociopathicLiar",43
"speeches",43
"nightmare",43
"calling",43
"syphoned",43
"Thanks",43
"until",43
"DropoutHillary",43
"protesters",43
"HillarySoDesperate",42
"imwithher",42
"goes",42
"scandal",42
"continues",42
"democrats",42
"donaldtrump",42
"wrong",42
"RESJR",42
"Reign",42
"reason",42
"With",42
"winner",41
"Stop",41
"read",41
"minimum",41
"math",41
"Voters",41
"SDzzz",41
"burdentruth",41
"Please",40
"since",40
"hero",40
"LNYHBT",40
"perpetrated",40
"constituents",40
"SusanSarandon",40
"driver",40
"agrees",40
"makes",40
"progs",40
"Montgomery",40
"Out",40
"old",40
"foreign",40
"bjm",40
"JeffWeaver",40
"Wall",39
"Westxgal",39
"financial",39
"mean",39
"made",39
"democrat",39
"flip",39
"nytimes",39
"WillingToFight",39
"taking",39
"issue",39
"TB‚Ä¶",39
"rl0Y4V‚Ä¶",39
"far",39
"victory",39
"gonna",39
"CruzFiorina2016",39
"dropouthillary",39
"wife",39
"Email",39
"tcot",38
"stay",38
"fracking",38
"Enough",38
"mellberr",38
"More",38
"House",38
"ever",38
"aren",38
"truck",38
"college",38
"Fixer",38
"wouldn",38
"PVL95",38
"workers",38
"‚ÄºÔ∏èüò°",38
"per",38
"pledged",38
"which",38
"elected",38
"unite",38
"talk",37
"2YnBw4aP0V",37
"debate",37
"enough",37
"environmental",37
"protested",37
"extension",37
"afford",37
"2MammaDee",37
"first",37
"anyone",37
"viewers",37
"taxes",37
"tow",37
"buy",37
"Read",36
"part",36
"attacking",36
"join",36
"adami912",36
"home",36
"disclosure",36
"hear",36
"file",36
"come",36
"away",36
"Supporters",36
"backers",36
"black",36
"Standards",36
"Our",36
"Odd",36
"lie",36
"aefadul22",36
"ALL",36
"great",36
"polling",36
"JAMyerson",36
"White",36
"Remember",36
"getting",35
"violent",35
"move",35
"deejay90192",35
"didn",35
"criminal",35
"hillary",35
"anti",35
"video",35
"National",35
"exclusive",35
"always",35
"LOL",35
"üö´",35
"super",35
"SUPPORT",34
"WeAreBernie",34
"shouldn",34
"bumper",34
"problem",34
"HILLARY",34
"weighs",34
"stranded",34
"fellow",34
"sticker",34
"disabled",34
"count",33
"Real",33
"teachers4bernie",33
"Republican",33
"telling",33
"w5JGx4D5Ty",33
"BernieorBust",33
"socialist",33
"others",33
"case",33
"Investigation",33
"ORC",33
"Nov",33
"job",33
"4pm",33
"rally",33
"Senator",32
"speak",32
"team",32
"BernieStrong",32
"NETRetired",32
"Must",32
"FeeltheBern",32
"seems",32
"helena",32
"jfmCROvNV0",32
"include",32
"fraud",32
"elections",32
"IACaucus",32
"Independents",32
"peterdaou",32
"probe",32
"Women4Bernie",32
"MSM",32
"beats",32
"jennie",32
"Want",31
"very",31
"DemPrimary",31
"Support",31
"Disappointed",31
"sanderswinsbig",31
"understand",31
"life",31
"Keep",31
"anything",31
"AlisonSpalding2",31
"find",31
"abc7newsBayArea",31
"truth",31
"happen",31
"CharlieHackett8",31
"Corruption",31
"system",31
"stands",31
"progressive",31
"war",31
"use",31
"two",31
"power",31
"ovr",31
"Speech",31
"WATCH",30
"racist",30
"thru",30
"matter",30
"rest",30
"movement",30
"push",30
"tuition",30
"least",30
"intimidate",30
"liar",30
"clarkwilliams1",30
"HuffPo",30
"able",30
"giving",30
"dcfairbank",30
"media",30
"answers",30
"Yesterday",30
"Exclusive",30
"yes",30
"write",30
"may",30
"Ave",30
"lobbyist",30
"indicted",30
"reflection",30
"INprimary",30
"Campaign",29
"runs",29
"BERNIE",29
"seanhannity",29
"past",29
"close",29
"LivNow",29
"Socialist",29
"reminding",29
"Free",29
"else",29
"ORPrimary",29
"ArabsForBernie",29
"BeachPeanuts",29
"NYT",29
"God",29
"FEC",29
"ABC",29
"297",29
"person",29
"State",29
"FoxBusiness",29
"realize",29
"divided",28
"sick",28
"actually",28
"Candidate",28
"sensanders",28
"Hill‚Ä¶",28
"Carolde",28
"Dear",28
"lobbyists",28
"stupid",28
"forward",28
"SkywardFist",28
"GetMoneyOut",28
"STRONGER",28
"bashing",28
"faster",28
"NPR",28
"FOR",28
"JeanetteJing",28
"switch",28
"platform",28
"spent",27
"turn",27
"YardrepShortbus",27
"risk",27
"returns",27
"Prez",27
"Poor",27
"TheLead",27
"Over",27
"long",27
"cheat",27
"history",27
"hell",27
"hard",27
"Guam",27
"msnbc",27
"TRUMP",27
"College",27
"Warren",27
"though",27
"things",27
"own",27
"owe",27
"NRA",27
"no‚Ä¶",27
"Photo",27
"Berniesanders",27
"mitchellreports",26
"outside",26
"basically",26
"open",26
"abc7elex",26
"shows",26
"WhiteHouse",26
"thehill",26
"paladinette",26
"Hill",26
"denounce",26
"AnWm3‚Ä¶",26
"voter",26
"Kasich",26
"VABVOX",26
"policies",26
"heard",26
"bring",26
"themselves",26
"wonder",26
"rmiskimens",26
"difference",26
"lot",26
"Did",26
"Day",26
"BET",26
"WORDS",26
"lying",26
"performing",26
"committed",26
"PEOPLE",26
"Whats",26
"elizabethforma",26
"staff",26
"Never",25
"Take",25
"Libertea2012",25
"WendyWilliams",25
"fKFu7Rv8tP",25
"News",25
"donate",25
"favorite",25
"angry",25
"divergence",25
"evil",25
"Coal",25
"Acts",25
"TYTlive",25
"TheBriefing2016",25
"beyonce",25
"might",25
"EndCitizensUnited",25
"XWXmXL4PSQ",25
"MichaelLaRosaDC",25
"Terrorist",25
"ExitPollGate",25
"article",25
"DropOutClinton",25
"PICTURE",25
"Win",25
"WORTH",25
"thanks",25
"Latinos",25
"someone",25
"YOUR",25
"year",25
"verizonstrike",24
"225K",24
"hardball",24
"allow",24
"album",24
"feel",24
"thought",24
"Does",24
"tweet",24
"feminist",24
"Bern",24
"Drumpf",24
"rigged",24
"yep",24
"See",24
"One",24
"May",24
"con",24
"cnn",24
"Amy",24
"ads",24
"cannot",24
"worse",24
"üê¶",24
"andsat",24
"reality",24
"mrLdavis",23
"tommiesunshine",23
"Thom",23
"KKennedy90016",23
"WayneEdH",23
"step",23
"liked",23
"M‚Ä¶",23
"JrMQrHsQVR",23
"sides",23
"GyLVYzMQhV",23
"HAVE",23
"hopes",23
"CarmenCruz303",23
"exit",23
"Both",23
"After",23
"Siskind",23
"FeelThe‚Ä¶",23
"presidency",23
"canativeobt",23
"hammer",23
"concede",23
"supported",23
"Brains4Bern",23
"6eLM0u5gkT",23
"Riots",23
"Right",23
"lol",23
"Had",23
"Revolution",23
"corporations",23
"whole",23
"white",23
"independent",23
"Independent",23
"different",22
"shit",22
"Says",22
"republican",22
"marian",22
"Berned",22
"biased",22
"nice",22
"mantra",22
"bernieorbust",22
"ATHEIST",22
"firing",22
"Vets4Bernie",22
"exactly",22
"followers",22
"sailor",22
"negative",22
"Even",22
"East",22
"establishment",22
"likely",22
"Street",22
"hypocrites",22
"together",22
"DumpTrump",22
"haven",22
"Pa1Lauren",22
"drunken",22
"wanted",22
"certain",22
"TheMeddler",22
"Those",22
"JaneSanders",22
"AFutureToBelieveIn",22
"thinks",22
"Maybe",22
"proud",22
"bramhall",22
"War",22
"Raw",22
"ChatRevolve",22
"fawfulfan",22
"agenda",22
"matters",22
"DrGianRico",22
"comment",22
"nevertrump",22
"Nominee",22
"Well",22
"Hartmann",21
"allowed",21
"Soros",21
"side",21
"samrocksc",21
"Award",21
"YourBullshit",21
"cenkuygur",21
"second",21
"nail",21
"Violent",21
"Mike",21
"BernIn2K16",21
"totally",21
"unpopular",21
"chris",21
"Jeff",21
"high",21
"guys",21
"FRIDAY",21
"PeterETyrrell",21
"face",21
"cause",21
"Academy",21
"nation",21
"Looking",21
"movie",21
"campaigns",21
"Supporter",21
"SpreadTheBern",21
"WakeUpAmerica",21
"apparently",21
"maybe",21
"working",21
"guess",21
"Congress",21
"Fox",21
"bid",21
"AND",21
"disgusting",21
"REALLY",21
"liberal",21
"Phone",21
"reasons",21
"emails",21
"helping",21
"remember",21
"jimmygriggsDFS",21
"coffin",21
"entire",20
"Saying",20
"Tricks",20
"allinwithchris",20
"sorry",20
"Leaders",20
"nhdogmom",20
"Claim",20
"Next",20
"Because",20
"Many",20
"remaining",20
"Lady",20
"donors",20
"liberals",20
"TrumpTrain",20
"jail",20
"idea",20
"hire",20
"SandersDropped",20
"Salon",20
"ElectoralFraud",20
"dems",20
"data",20
"Calls",20
"Bush",20
"popular",20
"focus",20
"JXEVIHaoNH",20
"lumpylouise",20
"abuse",20
"Primary",20
"endorsed",20
"AmericaRising",20
"honest",20
"without",20
"JA03221920",20
"Receiving",20
"Thank",20
"Dirty",20
"GlennHeiser",20
"aseitzwald",20
"‚Äù",20
"reminder",20
"Single",20
"AFT4Bernie",20
"BernPress",20
"clinging",20
"vie",20
"nom",20
"ImGay",20
"His",20
"END",20
"abt",20
"respect",20
"Green",20
"People",20
"g3Xz6Mx3Iw",20
"trolls",20
"HillarySoQualified",20
"protestors",20
"Residents",20
"HuffPostPol",20
"start",20
"thinking",20
"Loser",20
"wish",20
"WILL",20
"view",19
"numbers",19
"healthcare",19
"path",19
"DRJAMESCABOT",19
"NEED",19
"nana",19
"especially",19
"Cavalry",19
"head",19
"wolfblitzer",19
"fuck",19
"OneNominee",19
"mariaso1200",19
"integrity",19
"DanScavino",19
"become",19
"Amelika",19
"mizt1f",19
"around",19
"PCUnitedPage",19
"supports",19
"Media",19
"except",19
"everything",19
"unfair",19
"‚Äî",19
"takes",19
"WHY",19
"Law",19
"100",19
"WVForSanders",19
"important",19
"pjnet",19
"speech",19
"dropped",19
"üòÇ",19
"üíô",19
"unify",19
"pushing",19
"loses",19
"seen",18
"comes",18
"moving",18
"instead",18
"perfect",18
"QUESTION",18
"question",18
"Politico",18
"HIllaryClintonsupporters",18
"Most",18
"leave",18
"children",18
"Liberals",18
"child",18
"Nysteveo2AOLcom",18
"HillaryQuitRace",18
"sh4joy",18
"hasn",18
"presidential",18
"Jwwffv34Qy",18
"fans",18
"DonnaDiva",18
"copy",18
"Code",18
"Cali",18
"STRONG",18
"Casofdism",18
"month",18
"inners",18
"corporate",18
"toward",18
"handle",18
"PRIME69",18
"Weaver",18
"unlike",18
"BerniesBadEnd",18
"times",18
"warandpeace",18
"independents",18
"mankerlaw",18
"facts",18
"staatz",18
"NYC",18
"crooked",18
"KaraCalavera",18
"1st",18
"revolution",18
"Political",18
"Forced",18
"Compete",18
"CesarAFuentes",18
"democratic",18
"JusticeReformNow",18
"HeidiPrzybyla",18
"thepoliticalcat",18
"becomes",18
"Boston4Bernie",18
"republicans",18
"steal",18
"asking",18
"Loca2733Mc",18
"word",18
"chappell",17
"funding",17
"CBSNews",17
"nudging",17
"tahino1",17
"damage",17
"aside",17
"name",17
"Benghazi",17
"legal",17
"GiGicmka",17
"LOST",17
"Alicia3679",17
"PaulaPaulacamp",17
"politicians",17
"EmineDilek1113",17
"Iraq",17
"skorpyos",17
"HELL",17
"From",17
"NickyP2016",17
"each",17
"cares",17
"nikroybal",17
"whining",17
"NeverTrumpOrHillary",17
"DropOut‚Ä¶",17
"Explains",17
"ANYMORE",17
"deserve",17
"CapehartJ",17
"advising",17
"trash",17
"About",17
"Colorado",17
"approach",17
"Dictate",17
"NeverClinton",17
"DemocracyAwakens",17
"favor",17
"Terms",17
"mario",17
"single",17
"HouseDemocrats",17
"‚ÄúNever‚Äù",17
"VirginiaInCal",17
"RIGHT",17
"Millions",17
"yrs",17
"few",17
"Polls",17
"ago",17
"keeps",17
"TImeForUnity‚Ä¶",17
"FascistMedia",17
"nofeeslender",17
"HillaryCli‚Ä¶",17
"political",17
"uSx95RejSy",17
"windowtothesoul",17
"Another",17
"Senate",17
"pWDn‚Ä¶",17
"stoop",17
"paying",17
"wall",16
"Wait",16
"stillsanders",16
"Very",16
"split",16
"told",16
"till",16
"TALK",16
"possible",16
"ft14051",16
"caprimary",16
"save",16
"ABCPolitics",16
"donations",16
"pick",16
"pays",16
"ONLY",16
"ones",16
"once",16
"KennysEyes",16
"accept",16
"SandersforNC",16
"MORE",16
"SOLUTIONS",16
"rqGqGvmWfz",16
"Lose",16
"line",16
"z5GG9hV‚Ä¶",16
"quotes",16
"FuckTheDNC",16
"seeks",16
"Jobs",16
"consultants",16
"hour",16
"Election",16
"option",16
"fund",16
"full",16
"a‚Ä¶",16
"landslide",16
"TrusTED",16
"cant",16
"now‚Üí",16
"bought",16
"SenateDems",16
"expect",16
"RBReich",16
"5njUFTdFtr",16
"These",16
"means",16
"Vaughn99",16
"7MMB6hCCmy",16
"reservation",16
"press",16
"46Fh0OvSC7",16
"SuperPAC",16
"CorruptHillary",16
"Carbon",16
"Ricky",16
"contested",16
"Wow",16
"Sen",16
"Neo",16
"men",16
"End",16
"dem",16
"com",16
"ass",16
"cU0LAV6jAC",16
"Lawrence",16
"bitch",16
"majority",16
"Would",16
"Iam4light1Karen",16
"plans",16
"choose",16
"Hillaryclinton",16
"Really",16
"gently",16
"CJCboi",16
"almost",16
"longer",16
"UNITE",16
"Protestors",16
"Still",16
"NJ4Sanders2016",16
"ForThePeople",16
"LeilaWalsh8",16
"Payer",16
"ElectionFraud",16
"EMPTY",16
"probably",16
"wait",15
"BillClinton",15
"positions",15
"Then",15
"disappointed",15
"jorgeramosnews",15
"quote",15
"Better",15
"m‚Ä¶",15
"ThisisntEasy",15
"started",15
"Nazi",15
"MUST",15
"shame",15
"Scheme",15
"Make",15
"LOVE",15
"loss",15
"Like",15
"Misogynist",15
"Left",15
"alitnobani",15
"Check",15
"hold",15
"TheFixIsIn",15
"C‚Ä¶",15
"FREE",15
"Slavery",15
"figure",15
"CenteredPols",15
"AndrewCicchetti",15
"helps",15
"hotmomforbernie",15
"switcher",15
"‚ÄúYou",15
"anywhere",15
"continue",15
"unless",15
"RyanfjDavison",15
"S5Steve",15
"SANDERS",15
"Neither",15
"JoeConason",15
"questions",15
"major",15
"HillaryForPrison2016",15
"theyre",15
"non",15
"Mexico",15
"NEW",15
"FYI",15
"fun",15
"CBS",15
"Big",15
"3rd",15
"NJPrimary",15
"Women",15
"Great",15
"ready",15
"massdems",15
"myrahenry24",15
"DnfzLQeoFF",15
"Liberal",15
"atrocity",15
"causticbob",15
"Norwegian",15
"Sanders2016",15
"DOUBTMYPROGRESS",15
"stuff",15
"STILL",15
"payer",15
"including",15
"inprimary",15
"protest",15
"scream",14
"WANT",14
"Wake",14
"Watch",14
"Acknowledge",14
"Running",14
"Buster",14
"p‚Ä¶",14
"Hilla‚Ä¶",14
"unemploy",14
"attention",14
"Question",14
"Since",14
"Politics",14
"note",14
"NAME",14
"toda‚Ä¶",14
"Look",14
"favoring",14
"large",14
"Give",14
"Geez",14
"anytime",14
"CaptainSRogers",14
"Flag",14
"funny",14
"fall",14
"realDona‚Ä¶",14
"CRIMINAL",14
"bill",14
"hired",14
"Bane",14
"future",14
"cp2austin",14
"folks",14
"troll",14
"Money",14
"strategy",14
"herself",14
"djred678",14
"Superdelegates",14
"dictate",14
"differences",14
"standard",14
"Air‚Äôs",14
"March",14
"AdamsFlaFan",14
"Democracy",14
"Facebook",14
"BarbraStreisand",14
"Traitors",14
"WHO",14
"PAC",14
"SandersStill",14
"Joe",14
"GET",14
"fix",14
"fan",14
"ARE",14
"worth",14
"record",14
"LeChatNoire4",14
"forget",14
"family",14
"responsible",14
"Rally",14
"supers",14
"disagree",14
"immigration",14
"Someone",14
"neydamartinez",14
"yeah",14
"beating",14
"desperate",14
"Convenience",14
"loser",14
"s‚Ä¶",13
"water",13
"watch",13
"EstoyConHillary",13
"crazy",13
"RainMirron",13
"shld",13
"CrypticGator",13
"roze",13
"DemDebate",13
"Paul",13
"berniesanders2016",13
"PuestoLoco",13
"HillaryCl‚Ä¶",13
"xdelmar59",13
"none",13
"Need",13
"guarantee",13
"usually",13
"SHAME",13
"Bernieforny2016",13
"i‚Ä¶",13
"luck",13
"LOSE",13
"list",13
"little",13
"kind",13
"keny",13
"hurd",13
"tweets",13
"order",13
"held",13
"GIVE",13
"behavior",13
"fear",13
"Dump",13
"Cause",13
"trusted",13
"Cuba",13
"cost",13
"BULLSHIT",13
"Intention",13
"BOTH",13
"berd",13
"Folks",13
"rallies",13
"tried",13
"treat",13
"tonight",13
"8VU1wSZg7z",13
"MakeAmericaGreatAgain",13
"Berners",13
"ErikaAndiola",13
"hypocrisy",13
"parties",13
"laundering",13
"Their",13
"grisly",13
"PWM62",13
"CincoDeMayo",13
"dirty",13
"false",13
"writing",13
"conservatives",13
"HarveyAckerman",13
"ÓÑÇ",13
"reject",13
"Candidates",13
"LoveNotHate8",13
"Bernie4PresUSA",13
"girlsreallyrule",13
"responds",13
"ImagineAnna",13
"GMA",13
"gay",13
"ANY",13
"couldn",13
"RoughAcres",13
"HillaryClin‚Ä¶",13
"SimonMoyaSmith",13
"General",13
"ripping",13
"message",13
"agog734",13
"friends",13
"server",13
"common",13
"MaryPatriotNews",13
"imwither",13
"equal",13
"CitizensFedUp",13
"BernieSanders‚Ä¶",13
"Looks",13
"mdprimary",12
"refused",12
"WALLS",12
"economy",12
"Possible",12
"STOP",12
"Some",12
"maxwelltani",12
"foxnation",12
"Rich",12
"DemocracySpring",12
"REPUBLICAN",12
"Actually",12
"puts",12
"netted",12
"mistake",12
"human",12
"mate",12
"live",12
"Solution",12
"Between",12
"southerntalker",12
"nomination‚Ä¶",12
"KNOW",12
"StefSimanowitz",12
"joke",12
"Join",12
"ninaturner",12
"despite",12
"UruLT1afY3",12
"History",12
"huge",12
"energy",12
"Hardball",12
"federal",12
"grip",12
"moment",12
"gone",12
"along",12
"game",12
"Merlin333",12
"Behind",12
"Retweeted",12
"aworkingpoor",12
"DOMA",12
"Deal",12
"Electoral",12
"calls",12
"DumpChumpTrump",12
"safety",12
"Integrity",12
"ElizabethWarren",12
"election2016",12
"suspend",12
"BernersUnited",12
"senators",12
"HAGOODMANAUTHOR",12
"needed",12
"truly",12
"admits",12
"JimmyBear2",12
"Rallies",12
"attacked",12
"MeLovesMLE",12
"brought",12
"Latinos4Bernie",12
"bonjang23456",12
"NizamovRus",12
"EVERYONE",12
"FIRST",12
"hands",12
"business",12
"result",12
"paprimary",12
"FiveThirtyEight",12
"NXXFBo6ZT6",12
"continued",12
"is‚Ä¶",12
"feels",12
"clo329",12
"tired",12
"HEINSLERJAN",12
"thank",12
"vision",12
"mention",12
"promises",12
"young",12
"himself",12
"Article",12
"answer",12
"‚óè",12
"Parker9",12
"DONATES",12
"deals",12
"Yet",12
"WON",12
"SHE",12
"sad",12
"Run",12
"Non",12
"potus",12
"Hes",12
"gop",12
"course",12
"etc",12
"DON",12
"cuz",12
"bit",12
"Any",12
"rosevine3",12
"World",12
"place",12
"discuss",12
"personal",12
"losers",12
"platoon184",12
"H7HCOsLwk1",12
"danielsloebey",12
"ProgPoli",12
"nyprimary",12
"BernieMadeMeYoung",12
"minutes",12
"story",12
"stole",12
"provide",12
"ctprimary",12
"7j‚Ä¶",12
"wing",12
"Reality",12
"Clinton2016",11
"elect",11
"C4Constitution",11
"spoke",11
"Chanel",11
"Racist",11
"Tied",11
"site",11
"WeArentStupid",11
"sell",11
"ChanelCuba",11
"bbambz",11
"pass",11
"Once",11
"QsCO9BXqKb",11
"taddevine",11
"KayleesGliders",11
"3Um‚Ä¶",11
"School",11
"Leads",11
"research",11
"lift",11
"Lets",11
"Sanity",11
"NCVyFXeEar",11
"kids",11
"sense",11
"Hateful",11
"f‚Ä¶",11
"investigations",11
"Bernie‚Äôs",11
"Exactly",11
"YoungPPL4Bernie",11
"Footballs",11
"among",11
"embraced",11
"Goes",11
"deadline",11
"glad",11
"GovGaryJohnson",11
"American4lien",11
"AMERICA",11
"happens",11
"Hi‚Ä¶",11
"DONT",11
"deal",11
"education",11
"Bust",11
"blatant",11
"Hillary‚Ä¶",11
"Inside",11
"strong",11
"Seriously",11
"immigrants",11
"AlwaysSanders",11
"convince",11
"BeirutMadinati",11
"citizens",11
"mouth",11
"cnnbrk",11
"TinaMorphis",11
"Elections",11
"Confirms",11
"choices",11
"Rigged",11
"blaming",11
"Drews",11
"Mlsif",11
"gs777gs777",11
"involved",11
"u4BPuRP3nk",11
"Merkley",11
"ZeitgeistGhost",11
"promotes",11
"hypocrite",11
"SuperDelegates",11
"NickRamWilson",11
"Minority",11
"HONEST",11
"Anyone",11
"Rebecca",11
"pandering",11
"known",11
"thi‚Ä¶",11
"brain",11
"DrSkeptical1",11
"Di7B15aYmj",11
"backing",11
"illegal",11
"awesome",11
"mayor",11
"rAxZ0rnh2P",11
"REJECT",11
"States",11
"DeafPpl4Bernie",11
"G7707sWIdn",11
"Machine",11
"blame",11
"titheysloves",11
"Raving",11
"millions",11
"BlissTabitha",11
"Too",11
"quo",11
"Pls",11
"PDX",11
"lib",11
"Crooked",11
"FCC",11
"ego",11
"bet",11
"act",11
"I9rnh9DjDO",11
"puppymnkey",11
"embracing",11
"works",11
"INDIANA",11
"leader",11
"experience",11
"SierraBlanca",11
"Called",11
"imwit‚Ä¶",11
"BlueNationRev",11
"denies",11
"photo",11
"Agenda",11
"actual",11
"punish",11
"Ftpe12RDU3",11
"column",11
"While",11
"violation",11
"given",11
"unity",11
"raised",11
"FeelTh‚Ä¶",11
"Corrupt",11
"accuses",11
"brokencountry1",11
"drafted",11
"OSsTdYPl‚Ä¶",11
"Hilary",11
"lawsuit",11
"wasn",10
"Waste",10
"americonsumer",10
"MikeJGallant",10
"unly",10
"skookerG",10
"Sorry",10
"PRESIDENT",10
"SCOTUS",10
"solaranoir",10
"Than",10
"tear",10
"leading",10
"leaders",10
"self",10
"quiet",10
"municipal",10
"references",10
"rtv6",10
"small",10
"rich",10
"californibernie",10
"Race",10
"dnahealthnut",10
"DanielleCC1",10
"lives",10
"EC‚Ä¶",10
"MikeHersh",10
"catherinemario2",10
"Nevada",10
"pitt",10
"PLEASE",10
"Paid",10
"NikoWeisz",10
"0IrB2W9J76",10
"stealing",10
"share",10
"mind",10
"MAGA",10
"LIAR",10
"late",10
"control",10
"Voting",10
"RevJJackson",10
"chuck",10
"afraid",10
"Community",10
"communist",10
"Reporter",10
"Iran",10
"everybody",10
"info",10
"HillaryClinton‚Äôs",10
"jheil",10
"hide",10
"RealDonaldTrump",10
"FeelTheBe‚Ä¶",10
"MrDane1982",10
"FUCK",10
"Funny",10
"funds",10
"fire",10
"delusional",10
"lsarsour",10
"Fact",10
"Philly",10
"HonestCableman",10
"joined",10
"dumb",10
"leadership",10
"damn",10
"having",10
"como",10
"interests",10
"card",10
"AGAIN",10
"Asks",10
"he‚Ä¶",10
"MGCx‚Ä¶",10
"RepAndreCarson",10
"found",10
"decided",10
"AndyKindler",10
"Truth",10
"shannonalgeo",10
"11qT2oQLyi",10
"heart",10
"RoseFromPhila",10
"PoliticalRevolution",10
"Hannity",10
"Scandal",10
"apologize",10
"5ap4O3‚Ä¶",10
"BernBabyBern",10
"First",10
"happy",10
"Clintons",10
"endorses",10
"c85Kych5Om",10
"Entrance",10
"ballots",10
"jealous",10
"Unlike",10
"Nuclear",10
"NMPrimary",10
"broke",10
"Bring",10
"SenBillNelson",10
"Nomination",10
"Fared",10
"Everything",10
"insurance",10
"justice",10
"armsivilli",10
"drinking",10
"knowing",10
"proof",10
"Proof",10
"chirprn",10
"FlashbackFriday",10
"death",10
"block",10
"prefer",10
"WTF",10
"WIN",10
"VIP",10
"Via",10
"top",10
"PPP",10
"reform",10
"Pay",10
"ONE",10
"OMG",10
"net",10
"MAN",10
"mad",10
"HOW",10
"fly",10
"during",10
"bow",10
"5th",10
"sexist",10
"Rasiej",10
"Superdelegate",10
"Classy",10
"Cannot",10
"claims",10
"rosariodawson",10
"forbid",10
"released",10
"Elizabeth",10
"Lebanese",10
"politician",10
"denial",10
"WestVirginia",10
"looked",10
"Which",10
"him‚Ä¶",10
"sanderson",10
"Trolls",10
"denying",10
"Unite",10
"protesting",10
"deprimary",10
"wendimaze",10
"fxdump",10
"YUGE",10
"panel",10
"üòÇüòÇüòÇ",10
"MMFlint",10
"empty",10
"Debi129",10
"looks",10
"went",10
"fantasy",10
"screwed",9
"Billclinton",9
"Speed",9
"NeilTurner",9
"type",9
"TRUE",9
"True",9
"THAT",9
"soon",9
"DeTroyes1",9
"slam",9
"SHES",9
"seem",9
"sean",9
"quite",9
"Quiet",9
"H8AXOjWxdM",9
"smart",9
"AliiCarolAnn",9
"Could",9
"HillaryEmails",9
"zrod182",9
"RussOnPolitics",9
"womanINtransit",9
"play",9
"brandonpierce",9
"da5650",9
"onpage30",9
"class",9
"fucking",9
"ClintonBOTS",9
"interested",9
"Pathetic",9
"minions",9
"office",9
"NEXT",9
"Human",9
"grnigrl76",9
"mobs",9
"RexDouglasStock",9
"Math",9
"main",9
"learn",9
"played",9
"nomineeüëè",9
"LIES",9
"LGBT",9
"foxnews",9
"lack",9
"j3n11f",9
"NotMyAbuela",9
"idiots",9
"vote4hillary",9
"twright55",9
"Listen",9
"Undecided",9
"number",9
"John",9
"community",9
"kqyI‚Ä¶",9
"absolutely",9
"BernieSandersforPresident2016",9
"hurt",9
"stellaaaa",9
"Hope",9
"ridiculous",9
"GeraldoRivera",9
"friend",9
"2016election",9
"aMuiDFePHr",9
"food",9
"fine",9
"Find",9
"dogs",9
"crap",9
"Come",9
"Cash",9
"came",9
"private",9
"Best",9
"poisoning",9
"easily",9
"v5coA2u9dA",9
"costing",9
"ammo",9
"seriously",9
"Oregon",9
"force",9
"fights",9
"PaulBegala",9
"keeping",9
"Teapublicanways",9
"HuffPost",9
"Glowgrowflow",9
"refusing",9
"requirement",9
"BeirutMad‚Ä¶",9
"IntertubeUser",9
"views",9
"animals",9
"4crNKVcSuw",9
"speaking",9
"target",9
"topic",9
"kSJGyXZeXG",9
"groups",9
"Happy",9
"JoyAnnReid",9
"Delegate",9
"Doing",9
"nonsense",9
"Lguard78",9
"LOYALFAN1",9
"bunch",9
"rqepLaUCzP",9
"actions",9
"Israel",9
"ELECTABLE",9
"WeThePeople",9
"KristinP22",9
"Granniegal",9
"jimvaccaro1",9
"RalstonReports",9
"United",9
"yourself",9
"yours",9
"davidsirota",9
"Terrfic",9
"Thedemocrats",9
"IndyThisWeek",9
"AGAINST",9
"Against",9
"through",9
"champion",9
"carbon",9
"taken",9
"pretty",9
"informative",9
"Wrong",9
"response",9
"Yup",9
"tag",9
"ran",9
"pro",9
"pls",9
"evenly",9
"NBC",9
"Lol",9
"Huh",9
"Gas",9
"eat",9
"dnc",9
"BLM",9
"ain",9
"add",9
"ACA",9
"RubenKihuen",9
"splits",9
"NYDailyNews",9
"fought",9
"HensonPhred",9
"superdelegate",9
"worry",9
"grabs",9
"nobody",9
"twitter",9
"special",9
"destroying",9
"KNX1070",9
"below",9
"morning",9
"Morning",9
"event",9
"vetted",9
"3LrIuqQY6M",9
"jodigrrrl",9
"wings",9
"waiting",9
"üòÅ",9
"Catballou",9
"WARNING",9
"JaneOSanders",9
"won‚Äôt",9
"DanielStrauss4",9
"stumble",9
"Chicago",9
"7StoriesPress",9
"SienteElBern",9
"Yeah",9
"Predicted",9
"Correct",9
"QifaNabki",9
"Ne‚Ä¶",9
"Desperate",9
"hardworking",9
"killed",9
"comfort",8
"Wasn",8
"wars",8
"WarHawk",8
"Ruaudladoube",8
"used",8
"spend",8
"Judge",8
"1DXXJsWhMf",8
"crook",8
"sound",8
"ChelseaClinton",8
"yelling",8
"Talk",8
"Destination",8
"Sure",8
"effective",8
"CAprimary",8
"listening",8
"Savage",8
"cover",8
"RACE",8
"seeing",8
"chimeraelf",8
"lines",8
"consider",8
"Names",8
"pres",8
"Rizzreed",8
"Pass",8
"PART",8
"page",8
"BenSwann",8
"jpnairn",8
"HeadlineZoo",8
"prolife",8
"37‚Ä¶",8
"consistent",8
"screaminglibral",8
"IrishMason",8
"NY21",8
"minorities",8
"claim",8
"signs",8
"Nope",8
"Nice",8
"season",8
"criticized",8
"Feelthebern",8
"MarkHalperin",8
"endorsing",8
"shady",8
"happening",8
"gpIRwv3wq3",8
"LMAO",8
"Liar",8
"laws",8
"H‚Ä¶",8
"FECupdates",8
"earth",8
"maguire",8
"Ought",8
"kill",8
"serve",8
"sumohan7",8
"listen",8
"jump",8
"dhaakenson",8
"Indy",8
"angel",8
"Joanespring",8
"kXxokhm3z4",8
"constitution",8
"Home",8
"FleeTheBern",8
"Hell",8
"Hard",8
"nominated",8
"poverty",8
"ClintonFdn",8
"WashTimes",8
"Fund",8
"scared",8
"Flip",8
"graduate",8
"faux",8
"fate",8
"Fans",8
"B‚Ä¶",8
"Jesus",8
"ToneDownForWhat",8
"BernieOrBernie",8
"envy",8
"entitled",8
"appeals",8
"dump",8
"drug",8
"Bohemianmoon",8
"requires",8
"oppose",8
"dead",8
"findings",8
"SenTedCruz",8
"battle",8
"2tall4u2",8
"cool",8
"Criminal",8
"voice",8
"Fraud",8
"extent",8
"baby",8
"Area",8
"tates5a",8
"suggesting",8
"TYTNetwork",8
"campaigning",8
"Ignore",8
"Militarist",8
"expand",8
"arrest",8
"on6xuvYyhc",8
"above",8
"Blacks",8
"donnabrazile",8
"Determines",8
"AC360",8
"border",8
"ManMet80",8
"touch",8
"Drive",8
"condemn",8
"NeverHilary",8
"Suppress",8
"substance",8
"ground",8
"CClayholt",8
"improve",8
"openly",8
"position",8
"Teddyshouse2II",8
"Whenever",8
"companies",8
"5TwSfEE0FG",8
"necessary",8
"3gDNBEEQ4r",8
"Graders",8
"LatinosForBernie",8
"RealRudyGiulian",8
"smears",8
"electable",8
"toypilaVzla",8
"RockTheVote",8
"paulasimpson13",8
"Nailed",8
"throw",8
"Think",8
"brand",8
"Unleashed",8
"steals",8
"lonarace",8
"Flipped",8
"serious",8
"husband",8
"explain",8
"opiejeanne",8
"promised",8
"RHPE1Rf0Tr",8
"fault",8
"BachemMacuno",8
"thejoshuablog",8
"disgusted",8
"FALSE",8
"Indeed",8
"irrelevant",8
"Agreed",8
"mamato3nh",8
"thedemocrats",8
"üá∫üá∏",8
"Monsanto",8
"status",8
"Maine",8
"pressing",8
"Probe",8
"ü¶Ñüôà",8
"DEMOCRATS",8
"unitebluein",8
"Gr‚Ä¶",8
"USJeffersonianA",8
"RHYME",8
"RalienBekkers",8
"Was",8
"refuse",8
"Ted",8
"RNC",8
"Rep",8
"que",8
"Nor",8
"Mrs",8
"protests",8
"IsHere",8
"FDR",8
"ELA",8
"DID",8
"DEM",8
"Bye",8
"bed",8
"Act",8
"sponsored",8
"OCalling",8
"appeasement",8
"Biden",8
"200",8
"advisor",8
"CANNOT",8
"Worst",8
"Worry",8
"cheating",8
"Record",8
"Nobody",8
"Pontifex",8
"Trumps",8
"Choice",8
"Comrade",8
"SeeYouInPhilly",8
"Victory",8
"neverhillary",8
"hBQT1‚Ä¶",8
"gotta",8
"HillaryClinton‚Ä¶",8
"cwpontwit",8
"begin",8
"compare",8
"pulling",8
"FAIRImmigration",8
"seanspicer",8
"rashidaamahtull",8
"Matthew",8
"action",8
"BERNIESANDERS",8
"demands",8
"Emails",8
"DROPPED",8
"across",8
"follow",8
"NoWayNRA1",8
"NYPrimary",8
"trolling",8
"üëéüèΩ",8
"zero",8
"eileendefreest",8
"unrealistic",8
"Storm",8
"proving",8
"Fraud‚Äù",8
"TIQbHBpmtw",8
"fineout",8
"yourself‚Ä¶",8
"MattMurph24",8
"night",8
"MikeDerrickNY21",8
"Nothing",8
"WITH",8
"weak",8
"wake",7
"WADR",7
"elite",7
"vota",7
"refuses",7
"momentum",7
"DeleMomodu",7
"jc1bRcU7OC",7
"eXldFj6bX6",7
"GilbertforMI",7
"WV4Bernie",7
"alternativa",7
"finally",7
"ugly",7
"softball",7
"donation",7
"bigger",7
"accomplishment",7
"crime",7
"Change",7
"staying",7
"NEEDS",7
"narrative",7
"took",7
"tone",7
"Inidana",7
"Infinitely",7
"RobertaLSpence2",7
"Meanwhile",7
"SantarsieroPA8",7
"Matter",7
"sniff",7
"selfish",7
"It‚Äôs",7
"Show",7
"sent",7
"send",7
"gains",7
"Same",7
"eviscerated",7
"scratch",7
"Vermont",7
"DemChairs",7
"CIinton",7
"showing",7
"names",7
"Nader",7
"Part",7
"JonFeere",7
"PA08",7
"unfortunate",7
"OPEN",7
"climate",7
"BernieSanders2016",7
"NextwaveRay",7
"K‚Ä¶",7
"clean",7
"offers",7
"JohnMFinan",7
"BernieO‚Ä¶",7
"access",7
"miss",7
"biggest",7
"memo",7
"ME02",7
"arent",7
"mais",7
"argument",7
"CAGOPConvention",7
"EmilyAnnCain",7
"kept",7
"RealScottErnst",7
"KgZ0c1PbZA",7
"2014",7
"June",7
"Communist",7
"comments",7
"EdSkipper",7
"Gundert",7
"SPENDING",7
"spenders",7
"vegans4bernie",7
"convinced",7
"documentary",7
"Marjee123",7
"Help",7
"hand",7
"rhetoric",7
"woohooüëçüèºüá∫üá∏‚úùüôèüèº",7
"grow",7
"girl",7
"DrMarkBratton",7
"retweets",7
"SF4Hillary",7
"flag",7
"stooges",7
"changing",7
"bernie2016",7
"adrifadi",7
"Distinguished",7
"easy",7
"DkrNQAJ7I8",7
"dude",7
"WnFSeRFPPh",7
"lwOzZH61HH",7
"foundation",7
"catperson1187",7
"PresidentTrump",7
"indictment",7
"Cost",7
"ZAXblsuw9F",7
"average",7
"odmSCcAiX9",7
"writeinbernie",7
"PoliticsPeach",7
"surprised",7
"PollyTickal",7
"bold",7
"BERN",7
"Back",7
"Again",7
"hatred",7
"towatchlist",7
"Barney",7
"Navegaciones",7
"army",7
"James",7
"Anti",7
"BenSpielberg",7
"ban‚Ä¶",7
"drumpf",7
"JoeNBC",7
"contrast",7
"DontheCon",7
"fools",7
"nature",7
"anymore",7
"remarks",7
"HillaryC‚Ä¶",7
"scarier",7
"guantes",7
"Bought",7
"adopt",7
"favorability",7
"amazing",7
"amnesty",7
"to‚Ä¶",7
"FGXZPaxQpl",7
"TRUTH",7
"ignoring",7
"OfThePeople",7
"TtagOritqg",7
"VIDEO",7
"often",7
"Divide",7
"AndrewPSexton",7
"s3Nn2w5fJ4",7
"Nearly",7
"Corporate",7
"switched",7
"drops",7
"lesser",7
"Today",7
"NY24‚Äôs",7
"SunVisor123",7
"hater",7
"ReporterClaudia",7
"doublestandard",7
"dropping",7
"tommyxtopher",7
"handsphree",7
"Bernie4People",7
"zcaw‚Ä¶",7
"resign",7
"seanr1978",7
"positive",7
"Worldofcraze",7
"Endorsed",7
"Superficial",7
"Hispanics",7
"journal",7
"Closed",7
"considering",7
"DECADES",7
"decades",7
"TheEllenShow",7
"bully",7
"mancard",7
"InItToWinIt",7
"drummer",7
"voxdotcom",7
"Repubs",7
"‚ÄúHillary",7
"coverage",7
"StopTrump",7
"mjbeckel",7
"Taking",7
"nailed",7
"thugs",7
"zachhaller",7
"meaningful",7
"thenation",7
"obvious",7
"chrysta10",7
"neither",7
"Geeters",7
"backed",7
"diana",7
"faith",7
"FACTS",7
"Clinch",7
"TRafaelCimino",7
"R3VNRtStAb",7
"Rebecaulloa4",7
"tells",7
"searches",7
"prison",7
"IGNORES",7
"favors",7
"Conservatives",7
"hacked",7
"Elucidated2",7
"caucus",7
"commitment",7
"match",7
"manly",7
"hitting",7
"simply",7
"definitely",7
"tomwatson",7
"strikes",7
"forgotten",7
"eloquent",7
"BBCWorld",7
"ABCLiz",7
"reasoning",7
"Contested",7
"whfrat",7
"WSJ",7
"wow",7
"wld",7
"WAY",7
"hashtag",7
"TPP",7
"tip",7
"til",7
"tht",7
"Say",7
"EmperorNorton",7
"por",7
"PER",7
"OWN",7
"nbc",7
"fox5ny",7
"msg",7
"happened",7
"LIE",7
"lay",7
"CROOKED",7
"catmidnite",7
"idk",7
"hey",7
"HAS",7
"GMO",7
"dog",7
"DRfXt8KHwg",7
"BUT",7
"box",7
"Bay",7
"for‚Ä¶",7
"DumpTrump‚Ä¶",7
"democracynow",7
"TheBernReport",7
"chemoelectric",7
"Generational",7
"DemocratsUnite",7
"Leader",7
"sup‚Ä¶",7
"releasing",7
"RI0dMF‚Ä¶",7
"sherylster",7
"BlackHistory",7
"Trumpy",7
"NeverCruz",7
"HIllaryClinton",7
"librab103",7
"Losing",7
"GOPer",7
"operate",7
"Lying",7
"welcome",7
"Phish",7
"politeactivism",7
"bringing",7
"representative",7
"WINNING",7
"McGuffy",7
"m9fnnYHY3w",7
"industry",7
"z‚Ä¶",7
"Pledged",7
"wealthy",7
"swing",7
"moderate",7
"gives",7
"CherokeeNative3",7
"VoteBlueNoMatterWho",7
"AlGiordano",7
"shouting",7
"stuck",7
"ReleaseTheT‚Ä¶",7
"Yale",7
"Z3pp3in",7
"concerned",7
"shee‚Ä¶",7
"NOTHING",7
"AmayzinKeya",7
"Defeat",7
"week",7
"logic",6
"CA4Bernie",6
"personalloot",6
"lhfang",6
"STILLSANDERS",6
"Maiathebe",6
"wanna",6
"m7H6VBTQ‚Ä¶",6
"wages",6
"onechanakya",6
"you‚Äôre",6
"TedCruz2016",6
"Campa√±a",6
"DropOutHil‚Ä¶",6
"JasLeo6",6
"finance",6
"judge",6
